start_time,duration,end_time,instruction,type,img_url
0,12,12,Boil water with a teaspoon of salt and a dash of olive oil,TRUE,no image
0.5,1.5,2,Chop onions,FALSE,no image
2,0.5,2.5,Pour lemon juice into a bowl,FALSE,no image
2.5,4.75,7.25,Peel shrimp and place in lemon juice,FALSE,no image
7.5,1,8.5,Mince garlic,FALSE,no image
9,1,10,"Heat pan on medium-hi and add butter, garlic, and red pepper flakes",TRUE,no image
10,2,12,Add onions to pan,TRUE,no image
12,8,20,Add pasta to boiling water,TRUE,no image
16,3,19,Add shrimp to pan and turn heat down to medium low,TRUE,no image
19.5,1.5,21,Add spinach to pan,TRUE,no image
20,0.5,20.5,Drain pasta and add to pan,TRUE,no image
20.5,2,22.5,Add cheese to pan and stir until melted,TRUE,no image
